{"isOSNight":"no","appSkin":"system","lang":"zhCN","lastTimeCheck":"1724215919823","appInfo":"dev","webdav_token":"{\"url\":\"https://dav.jianguoyun.com/dav/\",\"username\":\"dupontjoy@163.com\",\"password\":\"atx3g35jbnmyp3md\"}","isFirst":"no","lastSyncTime":"1724816170704","isImportPath":"yes","totalBooks":"0","backgroundColor":"rgba(233, 216, 188,1)","fontSize":"20","fontFamily":"楷体","paraSpacing":"0","letterSpacing":"0","lineHeight":"1.5","isPreventAdd":"no","isOpenInMain":"no","isFullscreen":"no","isAutoFullscreen":"yes","isLemmatizeWord":"yes","isCollapsed":"no"}