{"1724216163562":{"text":"票号钱庄：为什么没能发展为国际金融帝国","chapterTitle":"票号钱庄：为什么没能发展为国际金融帝国","chapterDocIndex":"283","chapterHref":"kindle:pos:fid:00BP:off:0000000000","count":"0","percentage":"0.44849445324881143","page":""},"1724286598494":{"text":"\nimg\n","chapterTitle":"书名页","chapterDocIndex":"0","chapterHref":"kindle:pos:fid:0000:off:0000000000","count":"0","percentage":"0","page":""},"1724286612358":{"text":"\n            \n                img\n            \n        ","chapterTitle":"","chapterDocIndex":"0","chapterHref":"","count":"0","percentage":"0","page":""},"1724293148108":{"text":"风邪在不同的季节，会与当令之气相合伤人。冬季夹寒，春季夹热，夏季夹暑湿，秋季夹燥，梅雨季节夹湿邪等。但是感冒最常见的季节不是夏冬，而是春秋。因为这两个季节风大，而且温度适宜，我们会在不知不觉中袒胸露怀，给了风邪很多可乘之机。","chapterTitle":"第一章　感冒的辨证与用药","chapterDocIndex":"4","chapterHref":"kindle:pos:fid:0004:off:0000000000","count":"13","percentage":"0.36363636363636365","page":""},"1724293169036":{"text":"伤寒杂病论 原序","chapterTitle":"伤寒杂病论 原序","chapterDocIndex":"1","chapterHref":"filepos:0000004261","count":"0","percentage":"0.0004389815627743635","page":""},"1724379499322":{"text":"\n1911年　十八岁\n春　到长沙，考入湘乡驻省中学堂读书。在这里，首次看到同盟会办的《民立报》，知道孙中山这个人和同盟会的纲领，知道黄兴在广州领导反清武装起义和黄花岗七十二烈士英勇殉难的事迹，开始拥护孙中山等革命党人。在激奋之下，写一篇文章贴在学校墙壁上，第一次发表自己的政治意见，主张由孙中山、康有为、梁启超组织新的政府，反对专制独裁的清王朝。[1]\n5月　国内掀起反对清政府向帝国主义出卖铁路权的运动。湖南绅、商、学界组成“湘路协赞会”，反对清朝断送主权借外债筑路。革命派焦达峰、陈作新等同谘议局的一些议员，策划领导反清政府的长沙起义。毛泽东和同学一起卷进这一斗争潮流。湘乡驻省中学学生以反对留辫子表示对清王朝的不满情绪。毛泽东和另一同学首先剪去自己的辫子，并强制十几个人也剪掉辫子。[2]\n10月10日　武昌新军起义，辛亥革命爆发。武昌起义后，长沙城内形势紧张，湖南巡抚宣布戒严。一天，一位革命党人到湘乡驻省中学发表激烈讲演，报告起义情况，号召建立民国。四五天后，毛泽东决心投笔从戎。二十二日，长沙发生起义，湖南宣告对清朝政府独立。月底，毛泽东参加驻长沙的起义新军二十五混成协五十标第一营左队，当一名列兵。在军队除认真接受军事训练，还非常重视研究时事和社会问题，每月饷银大都用于购买报纸，贪读不厌。从当时鼓吹革命的《湘汉新闻》上，第一次看到“社会主义”这一新名词。接着读了江亢虎[3]写的一些关于社会主义的小册子，对社会主义问题产生浓厚兴趣，并写信与同学进行讨论。\n","chapterTitle":"1911年　十八岁","chapterDocIndex":"14","chapterHref":"kindle:pos:fid:000E:off:0000000000","count":"0","percentage":"0.11475409836065574","page":""},"1724586397398":{"text":"翻译这部《资本论》所依据的版本是经过当时苏联马克思恩格斯研究院校正过的最新德文版，并参照了两种英文译本和两种日文译本。译者在保证译文准确的前提下，尽量保持了原著的风格和特色，而且文字流畅、通俗易懂。因而这个译本受到了广大读者的欢迎和赞赏。许多革命青年和学者争相购买。据说宋庆龄、冯玉祥、邵力之等知名人士都购买了。毛泽东同志也曾经读过这部《资本论》。","chapterTitle":"","chapterDocIndex":"2","chapterHref":"","count":"32","percentage":"0.013513513513513514","page":""},"1724630434734":{"text":"这部著作的第二卷将探讨资本的流通过程（第二册）和总过程的各种形式（第三册），第三卷即最后一卷（第四册）将探讨理论史。\n \n\n\n\n[12]\n\n\n\n\n\n","chapterTitle":"第五卷说明","chapterDocIndex":"39","chapterHref":"kindle:pos:fid:0193:off:00000002RJ","count":"193","percentage":"0.38613861386138615","page":""},"1725013567726":{"text":"纲鉴易知录卷一","chapterTitle":"","chapterDocIndex":"7","chapterHref":"","count":"0","percentage":"0.05","page":""},"1725262170952":{"text":"题词","chapterTitle":"题词","chapterDocIndex":"1","chapterHref":"kindle:pos:fid:0001:off:0000000000","count":"0","percentage":"0.017241379310344827","page":""},"1725411185110":{"text":"翌日，又宴毅于清光阁。钱塘因酒作色，踞谓毅曰：“不闻猛石可裂不可卷，义士可杀不可羞耶？愚有衷曲，欲一陈于公。如可，则俱在云霄；如不可，则皆夷粪壤。足下以为何如哉？”毅曰：“请闻之。”钱塘曰：“泾阳之妻，则洞庭君之爱女也。淑性茂质，为九姻所重。不幸见辱于匪人，今则绝矣。将欲求托高义，世为亲戚，使受恩者知其所归，怀爱者知其所付。岂不为君子始终之道者？”毅肃然而作，欻然而笑曰：“诚不知钱塘君孱困如是。毅始闻跨九州，怀五岳，泄其愤怒。复见断锁金，掣玉柱，赴其急难。毅以为刚决明直，无如君者。盖犯之者不避其死，感之者不爱其生，此真丈夫之志。奈何箫管方洽，亲宾正和，不顾其道，以威加人？岂仆之素望哉？若遇公于洪波之中，玄山之间，鼓以鳞须，被以云雨，将迫毅以死，毅则以禽兽视之。亦何恨哉？今体被衣冠，坐谈礼义，尽五常之志性，负百行之微旨。虽人世贤杰，有不如者，况江河灵类乎？而欲以蠢然之躯，悍然之性，乘酒假气，将迫于人。岂近直哉？且毅之质，不足以藏王一甲之间。然而敢以不伏之心，胜王不道之气。惟王筹之！”钱塘乃逡巡致谢曰：“寡人生长宫房，不闻正论。向者词述狂妄，搪突高明，退自循顾，戾不容责。幸君子不为此乖间可也。”其夕复欢宴，其乐如旧，毅与钱塘遂为知心友。","chapterTitle":"柳毅","chapterDocIndex":"5142","chapterHref":"kindle:pos:fid:055U:off:0000000000","count":"12","percentage":"0.8373229115779189","page":""},"1725799166297":{"text":"b. 内包的定义。普通用定义二字时，所说的定义大都是内包的定义，因为严格地说没有外延的定义。但在普通教科书里，内包的定义有两种，一为名义的定义，一为实质的定义；前者如“博爱之谓仁”，后者如“人是两足的动物”。一注重名词所包含的意义，一注重名词所代表的东西的实质。二者孰为重要，孰为靠得住，在从前曾为一辩论的问题，而在现在根本用不着讨论，至少在逻辑系统范围之内用不着讨论。","chapterTitle":"推荐序","chapterDocIndex":"1","chapterHref":"kindle:pos:fid:0001:off:0000000018","count":"52","percentage":"0.3333333333333333","page":""},"1725884397175":{"text":"这个树形图中有两个枝不是闭枝，这表明有两组赋值使得该公式集为真：如果一个命题变项在某个枝上出现，则令它为真；如果某个命题变项的否定在某个枝上出现，则令该命题变项为假。于是，使得该公式集为真的这两组赋值实际上是相同的：p假，q真，r真，s假。读者可以将这些真值代入上述公式集中加以验证。","chapterTitle":"第二章　命题逻辑","chapterDocIndex":"6","chapterHref":"filepos:0000172063","count":"574","percentage":"0.375","page":""},"1726900541243":{"text":"第14章关键术语","chapterTitle":"","chapterDocIndex":"122","chapterHref":"","count":"0","percentage":"0.8840579710144928","page":""}}