{"1724216163562":{"text":"\n第三章\n法国：金权的割据\n","chapterTitle":"第三章　法国：金权的割据","chapterDocIndex":"156","chapterHref":"kindle:pos:fid:006I:off:0000000000","count":"0","percentage":"0.24722662440570523","page":""},"1724286598494":{"text":"\nimg\n","chapterTitle":"书名页","chapterDocIndex":"0","chapterHref":"kindle:pos:fid:0000:off:0000000000","count":"0","percentage":"0","page":""},"1724286612358":{"text":"\n            \n                img\n            \n        ","chapterTitle":"","chapterDocIndex":"0","chapterHref":"","count":"0","percentage":"0","page":""},"1724293148108":{"text":"风邪在不同的季节，会与当令之气相合伤人。冬季夹寒，春季夹热，夏季夹暑湿，秋季夹燥，梅雨季节夹湿邪等。但是感冒最常见的季节不是夏冬，而是春秋。因为这两个季节风大，而且温度适宜，我们会在不知不觉中袒胸露怀，给了风邪很多可乘之机。","chapterTitle":"第一章　感冒的辨证与用药","chapterDocIndex":"4","chapterHref":"kindle:pos:fid:0004:off:0000000000","count":"13","percentage":"0.36363636363636365","page":""},"1724293169036":{"text":"伤寒杂病论 原序","chapterTitle":"伤寒杂病论 原序","chapterDocIndex":"1","chapterHref":"filepos:0000004261","count":"0","percentage":"0.0004389815627743635","page":""},"1724379499322":{"text":"\n1911年　十八岁\n春　到长沙，考入湘乡驻省中学堂读书。在这里，首次看到同盟会办的《民立报》，知道孙中山这个人和同盟会的纲领，知道黄兴在广州领导反清武装起义和黄花岗七十二烈士英勇殉难的事迹，开始拥护孙中山等革命党人。在激奋之下，写一篇文章贴在学校墙壁上，第一次发表自己的政治意见，主张由孙中山、康有为、梁启超组织新的政府，反对专制独裁的清王朝。[1]\n5月　国内掀起反对清政府向帝国主义出卖铁路权的运动。湖南绅、商、学界组成“湘路协赞会”，反对清朝断送主权借外债筑路。革命派焦达峰、陈作新等同谘议局的一些议员，策划领导反清政府的长沙起义。毛泽东和同学一起卷进这一斗争潮流。湘乡驻省中学学生以反对留辫子表示对清王朝的不满情绪。毛泽东和另一同学首先剪去自己的辫子，并强制十几个人也剪掉辫子。[2]\n10月10日　武昌新军起义，辛亥革命爆发。武昌起义后，长沙城内形势紧张，湖南巡抚宣布戒严。一天，一位革命党人到湘乡驻省中学发表激烈讲演，报告起义情况，号召建立民国。四五天后，毛泽东决心投笔从戎。二十二日，长沙发生起义，湖南宣告对清朝政府独立。月底，毛泽东参加驻长沙的起义新军二十五混成协五十标第一营左队，当一名列兵。在军队除认真接受军事训练，还非常重视研究时事和社会问题，每月饷银大都用于购买报纸，贪读不厌。从当时鼓吹革命的《湘汉新闻》上，第一次看到“社会主义”这一新名词。接着读了江亢虎[3]写的一些关于社会主义的小册子，对社会主义问题产生浓厚兴趣，并写信与同学进行讨论。\n","chapterTitle":"1911年　十八岁","chapterDocIndex":"14","chapterHref":"kindle:pos:fid:000E:off:0000000000","count":"0","percentage":"0.11475409836065574","page":""}}