{
	"Aspect ratio": "Relación de aspecto",
	"Audio": "Audio",
	"Audio device": "Dispositivo de audio",
	"Audio devices": "Dispositivos de audio",
	"Audio tracks": "Pistas de audio",
	"Autoselect device": "Selección automática",
	"Chapter %s": "Capítulo %s",
	"Chapters": "Capítulos",
	"Default": "Por defecto",
	"Default %s": "Por defecto %s",
	"Delete file & Next": "Eliminar archivo y siguiente",
	"Delete file & Prev": "Eliminar archivo y anterior",
	"Delete file & Quit": "Eliminar archivo y salir",
	"Disabled": "Desactivado",
	"Drives": "Unidades",
	"Edition": "Edición",
	"Edition %s": "Edición %s",
	"Editions": "Ediciones",
	"Empty": "Vacío",
	"First": "Primero",
	"Fullscreen": "Pantalla completa",
	"Last": "Último",
	"Load": "Abrir",
	"Load audio": "Añadir una pista de audio",
	"Load subtitles": "Añadir una pista de subtítulos",
	"Load video": "Añadir una pista de vídeo",
	"Loop file": "Repetir archivo",
	"Loop playlist": "Repetir lista de reproducción",
	"Menu": "Menú",
	"Navigation": "Navegación",
	"Next": "Siguiente",
	"No file": "Ningún archivo",
	"Open config folder": "Abrir carpeta de configuración",
	"Open file": "Abrir un archivo",
	"Playlist": "Lista de reproducción",
	"Playlist/Files": "Lista de reproducción / Archivos",
	"Prev": "Anterior",
	"Previous": "Anterior",
	"Quit": "Salir",
	"Screenshot": "Captura de pantalla",
	"Show in directory": "Acceder a la carpeta",
	"Shuffle": "Reproducción aleatoria",
	"Stream quality": "Calidad del flujo",
	"Subtitles": "Subtítulos",
	"Track": "Pista",
	"Track %s": "Pista %s",
	"Utils": "Utilidades",
	"Video": "Vídeo",
	"%s channel": "%s canal",
	"%s channels": "%s canales",
	"default": "por defecto",
	"drive": "unidad",
	"external": "externo",
	"forced": "forzado",
	"open file": "seleccionar un archivo",
	"parent dir": "directorio padre",
	"playlist or file": "archivo o lista de reproducción"
}
